brand,model,year,mileage_km,price_eur,fuel_type,gear_box,engine_size,ref
Mazda,Demio,2020.0,31000.0,13900.0,0,0,1.5,https://www.bazaraki.com/adv/4819979_mazda-demio-1-5l-2020/
Mazda,Demio,2015.0,103470.0,11300.0,0,0,1.3,https://www.bazaraki.com/adv/4809103_mazda-demio-1-3l-2015/
Mazda,Demio,2016.0,95000.0,10300.0,1,0,1.5,https://www.bazaraki.com/adv/4822565_mazda-demio-1-5l-2016/
Mazda,Demio,2019.0,64734.0,12450.0,0,0,1.5,https://www.bazaraki.com/adv/4812653_mazda-demio-1-5l-2019/
Mazda,Demio,2019.0,77300.0,12600.0,0,0,1.5,https://www.bazaraki.com/adv/4817005_mazda-demio-1-5l-2019/
Mazda,Demio,2019.0,28000.0,15300.0,0,0,1.5,https://www.bazaraki.com/adv/4661184_mazda-demio-1-5l-2019/
Mazda,Demio,1999.0,200000.0,2000.0,0,0,1.3,https://www.bazaraki.com/adv/4767679_mazda-demio-1-3l-1999/
Mazda,Demio,2019.0,51757.0,13950.0,0,0,1.5,https://www.bazaraki.com/adv/4757631_mazda-demio-1-5l-2019/
Mazda,Demio,2019.0,38400.0,12900.0,0,0,1.5,https://www.bazaraki.com/adv/4656552_mazda-demio-1-5l-2019/
Mazda,Demio,2019.0,39000.0,13300.0,0,0,1.5,https://www.bazaraki.com/adv/4838806_mazda-demio-1-5l-2019/
Mazda,Demio,2017.0,77000.0,12500.0,0,0,1.3,https://www.bazaraki.com/adv/4838576_mazda-demio-1-3l-2017/
Mazda,Demio,2015.0,131000.0,9800.0,0,0,1.3,https://www.bazaraki.com/adv/4838188_mazda-demio-1-3l-2015/
Mazda,Demio,2018.0,52000.0,12990.0,1,1,1.5,https://www.bazaraki.com/adv/4814084_mazda-demio-1-5l-2018/
Mazda,Demio,2019.0,26000.0,14900.0,0,0,1.5,https://www.bazaraki.com/adv/4774868_mazda-demio-1-5l-2019/
Mazda,Demio,2019.0,77300.0,12600.0,0,0,1.5,https://www.bazaraki.com/adv/4783885_mazda-demio-1-5l-2019/
Mazda,Demio,2015.0,67400.0,11990.0,0,0,1.3,https://www.bazaraki.com/adv/4837947_mazda-demio-1-3l-2015/
Mazda,Demio,2017.0,66000.0,12700.0,0,0,1.3,https://www.bazaraki.com/adv/4793913_mazda-demio-1-3l-2017/
Mazda,Demio,2003.0,218000.0,2900.0,0,1,1.3,https://www.bazaraki.com/adv/4837057_mazda-demio-1-3l-2003/
Mazda,Demio,2017.0,56807.0,14500.0,1,1,1.5,https://www.bazaraki.com/adv/4654273_mazda-demio-1-5l-2017/
Mazda,Demio,2015.0,130070.0,11500.0,0,0,1.3,https://www.bazaraki.com/adv/4744426_mazda-demio-1-3l-2015/
Mazda,Demio,2002.0,180000.0,3100.0,0,1,1.3,https://www.bazaraki.com/adv/4829090_mazda-demio-1-3l-2003/
Mazda,Demio,2018.0,25745.0,13500.0,0,0,1.3,https://www.bazaraki.com/adv/4577812_mazda-demio-1-3l-2018/
Mazda,Demio,2019.0,45035.0,14500.0,0,0,1.5,https://www.bazaraki.com/adv/4655721_mazda-demio-1-5l-2019/
Mazda,Demio,2016.0,73500.0,11900.0,0,1,1.3,https://www.bazaraki.com/adv/4836013_mazda-demio-1-3l-2016/
Mazda,Demio,2016.0,122000.0,11500.0,0,0,1.3,https://www.bazaraki.com/adv/4741311_mazda-demio-1-3l-2016/
Mazda,Demio,2012.0,160500.0,9000.0,0,0,1.3,https://www.bazaraki.com/adv/4834606_mazda-demio-1-3l-2012/
Mazda,Demio,2019.0,35000.0,13500.0,0,0,1.5,https://www.bazaraki.com/adv/4687530_mazda-demio-1-5l-2019/
Mazda,Demio,2019.0,40000.0,13500.0,0,0,1.5,https://www.bazaraki.com/adv/4740237_mazda-demio-1-5l-2019/
Mazda,Demio,2018.0,20200.0,12900.0,0,0,1.3,https://www.bazaraki.com/adv/3877412_mazda-demio-1-5l-2018/
Mazda,Demio,2019.0,70000.0,13600.0,0,0,1.5,https://www.bazaraki.com/adv/4792046_mazda-demio-1-5l-2019/
Mazda,Demio,2019.0,64500.0,13600.0,0,0,1.5,https://www.bazaraki.com/adv/4792015_mazda-demio-1-5l-2019/
Mazda,Demio,2019.0,77000.0,12000.0,0,0,1.5,https://www.bazaraki.com/adv/4808514_mazda-demio-1-5l-2019/
Mazda,Demio,2019.0,49000.0,12500.0,0,0,1.5,https://www.bazaraki.com/adv/4834019_mazda-demio-1-5l-2019/
Mazda,Demio,2019.0,46000.0,12500.0,0,0,1.5,https://www.bazaraki.com/adv/4833985_mazda-demio-1-5l-2019/
Mazda,Demio,2015.0,139000.0,10200.0,1,0,1.5,https://www.bazaraki.com/adv/4694449_mazda-demio-1-5l-2015/
Mazda,Demio,2020.0,19000.0,14900.0,0,0,1.5,https://www.bazaraki.com/adv/4833185_mazda-demio-1-5l-2020/
Mazda,Demio,2019.0,33000.0,15200.0,0,0,1.5,https://www.bazaraki.com/adv/4791626_mazda-demio-1-5l-2019/
Mazda,Demio,2020.0,26000.0,15800.0,0,0,1.5,https://www.bazaraki.com/adv/4791618_mazda-demio-1-5l-2020/
Mazda,Demio,2018.0,51000.0,13900.0,0,0,1.3,https://www.bazaraki.com/adv/4791652_mazda-demio-1-3l-2018/
Mazda,Demio,2019.0,28000.0,14000.0,0,0,1.5,https://www.bazaraki.com/adv/4648028_mazda-demio-1-5l-2019/
Mazda,Demio,2018.0,70000.0,12500.0,1,0,1.5,https://www.bazaraki.com/adv/4828296_mazda-demio-1-5l-2018/
Mazda,Demio,2020.0,18000.0,14900.0,0,0,1.5,https://www.bazaraki.com/adv/4833193_mazda-demio-1-5l-2020/
Mazda,Demio,2019.0,29000.0,13800.0,0,0,1.5,https://www.bazaraki.com/adv/4773720_mazda-demio-1-5l-2019/
Mazda,Demio,2012.0,135000.0,8750.0,0,0,1.3,https://www.bazaraki.com/adv/4718486_mazda-demio-1-3l-2012/
Mazda,Demio,2011.0,164551.0,6550.0,0,0,1.3,https://www.bazaraki.com/adv/4832945_mazda-demio-1-3l-2011/
Mazda,Demio,2019.0,37000.0,12900.0,0,0,1.5,https://www.bazaraki.com/adv/4832657_mazda-demio-1-5l-2019/
Mazda,Demio,2019.0,34000.0,12900.0,0,0,1.5,https://www.bazaraki.com/adv/4832619_mazda-demio-1-5l-2019/
Mazda,Demio,2013.0,124000.0,8000.0,0,0,1.3,https://www.bazaraki.com/adv/4832833_mazda-demio-1-3l-2013/
Mazda,Demio,2018.0,27272.0,15900.0,1,0,1.5,https://www.bazaraki.com/adv/4543458_mazda-demio-1-5l-2018/
Mazda,Demio,2019.0,29128.0,14500.0,0,0,1.5,https://www.bazaraki.com/adv/4704629_mazda-demio-1-5l-2019/
Mazda,Demio,2012.0,150000.0,8000.0,0,0,1.3,https://www.bazaraki.com/adv/4648820_mazda-demio-1-3l-2012/
Mazda,Demio,2009.0,128000.0,6800.0,0,0,1.3,https://www.bazaraki.com/adv/4832651_mazda-demio-1-3l-2009/
Mazda,Demio,2019.0,56000.0,13500.0,0,0,1.5,https://www.bazaraki.com/adv/4817032_mazda-demio-1-5l-2019/
Mazda,Demio,2017.0,87200.0,11300.0,0,0,1.3,https://www.bazaraki.com/adv/4790685_mazda-demio-1-3l-2017/
Mazda,Demio,2019.0,54927.0,13500.0,0,0,1.5,https://www.bazaraki.com/adv/4832369_mazda-demio-1-5l-2019/
Mazda,Demio,2018.0,38000.0,15500.0,1,0,1.5,https://www.bazaraki.com/adv/4739280_mazda-demio-1-5l-2018/
Mazda,Demio,2017.0,35513.0,12500.0,0,0,1.3,https://www.bazaraki.com/adv/4736951_mazda-demio-1-3l-2017/
Mazda,Demio,2018.0,38500.0,13950.0,1,0,1.5,https://www.bazaraki.com/adv/4789330_mazda-demio-1-5l-2018/
Mazda,Demio,2018.0,35000.0,14700.0,1,0,1.6,https://www.bazaraki.com/adv/4830808_mazda-demio-1-6l-2018/
Mazda,Demio,2016.0,80000.0,12500.0,0,0,1.3,https://www.bazaraki.com/adv/4831395_mazda-demio-1-3l-2016/
Mazda,Demio,2013.0,142000.0,7200.0,0,0,1.3,https://www.bazaraki.com/adv/4830849_mazda-demio-1-3l-2013/
Mazda,Demio,2010.0,215000.0,6700.0,0,0,1.3,https://www.bazaraki.com/adv/4830549_mazda-demio-1-3l-2010/
Mazda,Demio,2019.0,90000.0,12500.0,1,0,1.5,https://www.bazaraki.com/adv/4830198_mazda-demio-1-5l-2019/
Mazda,Demio,2019.0,69000.0,12500.0,0,0,1.5,https://www.bazaraki.com/adv/4808438_mazda-demio-1-5l-2019/
Mazda,Demio,2019.0,27800.0,13900.0,0,0,1.5,https://www.bazaraki.com/adv/4774859_mazda-2-1-5l-2019/
Mazda,Demio,2002.0,153826.0,2700.0,0,0,1.3,https://www.bazaraki.com/adv/4830098_mazda-demio-1-3l-2002/
Mazda,Demio,2020.0,52000.0,13900.0,0,0,1.5,https://www.bazaraki.com/adv/4766808_mazda-demio-1-5l-2020/
Mazda,Demio,2018.0,62000.0,12500.0,0,0,1.3,https://www.bazaraki.com/adv/4721129_mazda-demio-1-3l-2018/
Mazda,Demio,2019.0,50000.0,13600.0,0,0,1.5,https://www.bazaraki.com/adv/4823513_mazda-demio-1-5l-2019/
Mazda,Demio,2019.0,41000.0,14300.0,0,0,1.5,https://www.bazaraki.com/adv/4829347_mazda-demio-1-3l-2019/
Mazda,Demio,2019.0,53000.0,14300.0,0,0,1.5,https://www.bazaraki.com/adv/4829341_mazda-demio-1-3l-2019/
Mazda,Demio,2019.0,59000.0,13590.0,0,0,1.5,https://www.bazaraki.com/adv/4677812_mazda-demio-1-5l-2019/
Mazda,Demio,2016.0,80000.0,10900.0,1,0,1.5,https://www.bazaraki.com/adv/4829091_mazda-demio-1-5l-2016/
Mazda,Demio,2018.0,22500.0,12950.0,1,0,1.5,https://www.bazaraki.com/adv/4785073_mazda-demio-1-5l-2018/
Mazda,Demio,2019.0,52623.0,13500.0,0,0,1.5,https://www.bazaraki.com/adv/4828068_mazda-demio-1-5l-2019/
Mazda,Demio,2008.0,144000.0,5900.0,0,0,1.3,https://www.bazaraki.com/adv/4827964_mazda-demio-1-3l-2008/
Mazda,Demio,2019.0,50000.0,12900.0,0,0,1.5,https://www.bazaraki.com/adv/4827726_mazda-demio-1-5l-2019/
Mazda,Demio,2017.0,57000.0,13300.0,1,0,1.5,https://www.bazaraki.com/adv/4827713_mazda-demio-1-5l-2017/
Mazda,Demio,2009.0,150000.0,6500.0,0,1,1.4,https://www.bazaraki.com/adv/4827351_mazda-demio-1-4l-2009/
Mazda,Demio,2012.0,188000.0,7500.0,0,0,1.3,https://www.bazaraki.com/adv/4827253_mazda-demio-1-5l-2012/
Mazda,Demio,2015.0,83000.0,11500.0,0,0,2.5,https://www.bazaraki.com/adv/4826797_mazda-demio-2-5l-2015/
Mazda,Demio,2018.0,79900.0,12700.0,0,0,1.3,https://www.bazaraki.com/adv/4826795_mazda-demio-1-3l-2018/
Mazda,Demio,2016.0,80000.0,10500.0,1,0,1.5,https://www.bazaraki.com/adv/4805164_mazda-demio-1-5l-2016/
Mazda,Demio,2019.0,51500.0,13500.0,0,0,1.5,https://www.bazaraki.com/adv/4826634_mazda-demio-1-5l-2019/
Mazda,Demio,2019.0,74000.0,13500.0,0,0,1.5,https://www.bazaraki.com/adv/4826547_mazda-demio-1-5l-2019/
Mazda,Demio,2015.0,78000.0,10900.0,1,0,1.5,https://www.bazaraki.com/adv/4826666_mazda-demio-1-5l-2015/
Mazda,Demio,2010.0,249000.0,6500.0,0,0,1.3,https://www.bazaraki.com/adv/4825543_mazda-demio-1-3l-2010/
Mazda,Demio,2018.0,50000.0,15500.0,1,1,1.5,https://www.bazaraki.com/adv/4779336_mazda-demio-1-5l-2018/
Mazda,Demio,2019.0,69000.0,13500.0,0,0,1.3,https://www.bazaraki.com/adv/4825832_mazda-demio-1-3l-2019/
Mazda,Demio,2019.0,58000.0,13900.0,0,0,1.5,https://www.bazaraki.com/adv/4818731_mazda-demio-1-5l-2019/
Mazda,Demio,2019.0,45000.0,13500.0,0,0,1.5,https://www.bazaraki.com/adv/4818737_mazda-demio-1-5l-2019/
Mazda,Demio,2019.0,52254.0,13500.0,0,0,1.5,https://www.bazaraki.com/adv/4824268_mazda-demio-1-5l-2019/
Mazda,Demio,2011.0,116000.0,7100.0,0,0,1.3,https://www.bazaraki.com/adv/4781520_mazda-demio-1-3l-2011/
Mazda,Demio,2019.0,34000.0,14700.0,0,0,1.3,https://www.bazaraki.com/adv/4824673_mazda-demio-1-3l-2019/
Mazda,Demio,2016.0,75000.0,12000.0,0,0,1.3,https://www.bazaraki.com/adv/4824437_mazda-demio-1-3l-2016/
Mazda,Demio,2021.0,77000.0,14600.0,0,0,1.5,https://www.bazaraki.com/adv/4824217_mazda-demio-1-5l-2021/
Mazda,Demio,2018.0,23000.0,12800.0,0,0,1.5,https://www.bazaraki.com/adv/4824182_mazda-demio-1-5l-2018/
Mazda,Demio,2018.0,45000.0,12000.0,0,0,1.3,https://www.bazaraki.com/adv/4823878_mazda-demio-1-3l-2018/
Mazda,Demio,2019.0,57869.0,13900.0,0,0,1.5,https://www.bazaraki.com/adv/4698213_mazda-demio-1-5l-2019/
Mazda,Demio,2019.0,64000.0,13500.0,0,0,1.5,https://www.bazaraki.com/adv/4823366_mazda-demio-1-5l-2019/
Mazda,Demio,2017.0,73000.0,14500.0,0,0,1.5,https://www.bazaraki.com/adv/4823369_mazda-demio-1-5l-2017/
Mazda,Demio,2018.0,31121.0,12950.0,1,0,1.5,https://www.bazaraki.com/adv/4822959_mazda-demio-1-5l-2018/
Mazda,Demio,2019.0,85919.0,13800.0,0,0,1.3,https://www.bazaraki.com/adv/4822842_mazda-demio-1-3l-2019/
Mazda,Demio,2019.0,50000.0,13300.0,0,0,1.5,https://www.bazaraki.com/adv/4822790_mazda-demio-1-5l-2019/
Mazda,Demio,2014.0,138000.0,8400.0,0,0,1.3,https://www.bazaraki.com/adv/4821290_mazda-demio-1-3l-2014/
Mazda,Demio,2019.0,34522.0,15900.0,1,0,1.5,https://www.bazaraki.com/adv/4734403_mazda-demio-1-5l-2019/
Mazda,Demio,2015.0,200000.0,10500.0,1,0,1.5,https://www.bazaraki.com/adv/4820893_mazda-demio-1-5l-2015/
Mazda,Demio,2015.0,52000.0,12500.0,1,0,1.5,https://www.bazaraki.com/adv/4679583_toyota-vitz-1-0l-2019/
Mazda,Demio,2018.0,47120.0,12800.0,0,0,1.5,https://www.bazaraki.com/adv/4753214_mazda-demio-1-5l-2018/
Mazda,Demio,2019.0,77324.0,12600.0,0,0,1.5,https://www.bazaraki.com/adv/4728235_mazda-demio-1-5l-2019/
Mazda,Demio,2018.0,47800.0,13900.0,0,0,1.3,https://www.bazaraki.com/adv/4628581_mazda-demio-1-3l-2018/
Mazda,Demio,2006.0,135000.0,4000.0,0,0,1.3,https://www.bazaraki.com/adv/4819951_mazda-demio-1-3l-2006/
Mazda,Demio,2020.0,19000.0,14999.0,0,0,1.5,https://www.bazaraki.com/adv/4819765_mazda-demio-1-5l-2020/
Mazda,Demio,2015.0,135000.0,8500.0,1,0,1.5,https://www.bazaraki.com/adv/4819860_mazda-demio-1-5l-2015/
Mazda,Demio,2015.0,75000.0,12000.0,0,0,1.2,https://www.bazaraki.com/adv/4819335_mazda-demio-1-2l-2015/
Mazda,Demio,2019.0,23000.0,13900.0,0,0,1.5,https://www.bazaraki.com/adv/4819151_mazda-demio-1-5l-2019/
Mazda,Demio,2018.0,11606.0,15950.0,1,0,1.5,https://www.bazaraki.com/adv/4774772_mazda-demio-1-5l-2018/
Mazda,Demio,2016.0,86600.0,12900.0,0,0,1.3,https://www.bazaraki.com/adv/4773535_mazda-demio-1-3l-2016/
Mazda,Demio,2019.0,50000.0,13900.0,0,0,1.5,https://www.bazaraki.com/adv/4818983_mazda-demio-1-5l-2019/
Mazda,Demio,2017.0,30000.0,13700.0,0,0,1.3,https://www.bazaraki.com/adv/4818763_mazda-demio-1-3l-2017/
Mazda,Demio,2019.0,61376.0,13950.0,0,0,1.5,https://www.bazaraki.com/adv/4724156_mazda-demio-1-5l-2019/
Mazda,Demio,2014.0,50000.0,7200.0,0,1,1.4,https://www.bazaraki.com/adv/4818042_mazda-demio-1-4l-2014/
Mazda,Demio,2011.0,160000.0,6300.0,0,0,1.3,https://www.bazaraki.com/adv/4814973_mazda-demio-1-3l-2011/
Mazda,Demio,2018.0,44000.0,14900.0,0,0,1.3,https://www.bazaraki.com/adv/4817858_mazda-demio-1-3l-2018/
Mazda,Demio,2019.0,49000.0,13500.0,0,0,1.5,https://www.bazaraki.com/adv/4817763_mazda-demio-1-5l-2019/
Mazda,Demio,2019.0,55900.0,13500.0,0,0,1.5,https://www.bazaraki.com/adv/4817768_mazda-demio-1-5l-2019/
Mazda,Demio,2019.0,41123.0,14500.0,1,0,1.5,https://www.bazaraki.com/adv/4720713_mazda-demio-1-5l-2019/
Mazda,Demio,2019.0,62000.0,13900.0,0,0,1.5,https://www.bazaraki.com/adv/4817779_mazda-demio-1-5l-2019/
Mazda,Demio,2019.0,45000.0,12700.0,0,0,1.5,https://www.bazaraki.com/adv/4817736_mazda-demio-1-5l-2019/
Mazda,Demio,2003.0,188000.0,3900.0,0,0,1.4,https://www.bazaraki.com/adv/4817578_mazda-demio-1-4l-2003/
Mazda,Demio,2019.0,62000.0,13700.0,0,0,1.5,https://www.bazaraki.com/adv/4569999_mazda-demio-1-5l-2019/
Mazda,Demio,2019.0,65000.0,13500.0,0,0,1.5,https://www.bazaraki.com/adv/4817259_mazda-demio-1-5l-2019/
Mazda,Demio,2017.0,140000.0,12700.0,1,0,1.5,https://www.bazaraki.com/adv/4817049_mazda-demio-1-5l-2017/
Mazda,Demio,2015.0,110000.0,11500.0,1,0,1.5,https://www.bazaraki.com/adv/4736641_mazda-demio-1-5l-2015/
Mazda,Demio,2020.0,3200.0,14850.0,0,0,1.5,https://www.bazaraki.com/adv/4816922_mazda-demio-1-5l-2020/
Mazda,Demio,2019.0,16950.0,14800.0,0,0,1.5,https://www.bazaraki.com/adv/4746959_mazda-demio-1-5l-2019/
Mazda,Demio,2017.0,79000.0,12495.0,1,0,1.5,https://www.bazaraki.com/adv/4816165_mazda-demio-1-5l-2017/
Mazda,Demio,2019.0,64000.0,13800.0,0,0,1.5,https://www.bazaraki.com/adv/4724071_mazda-demio-1-5l-2019/
Mazda,Demio,2018.0,67000.0,12800.0,0,0,1.3,https://www.bazaraki.com/adv/4815609_mazda-demio-1-3l-2018/
Mazda,Demio,2015.0,143176.0,11950.0,0,0,1.3,https://www.bazaraki.com/adv/4814827_mazda-demio-1-3l-2015/
Mazda,Demio,2020.0,17250.0,15500.0,0,0,1.5,https://www.bazaraki.com/adv/4661273_mazda-demio-1-5l-2020/
Mazda,Demio,1999.0,190000.0,1200.0,0,0,1.3,https://www.bazaraki.com/adv/4718037_mazda-demio-1-3l-1999/
Mazda,Demio,2009.0,119000.0,7300.0,0,0,1.3,https://www.bazaraki.com/adv/4813591_mazda-demio-1-3l-2009/
Mazda,Demio,2020.0,17000.0,14900.0,0,0,1.5,https://www.bazaraki.com/adv/4740878_mazda-demio-1-5l-2020/
Mazda,Demio,2020.0,48000.0,14900.0,0,0,1.5,https://www.bazaraki.com/adv/4740871_mazda-demio-1-5l-2020/
Mazda,Demio,2003.0,160000.0,2650.0,0,1,1.3,https://www.bazaraki.com/adv/4812681_mazda-demio-1-3l-2003/
Mazda,Demio,2019.0,48000.0,14500.0,0,0,1.5,https://www.bazaraki.com/adv/4812531_mazda-demio-1-5l-2019/
Mazda,Demio,2008.0,127000.0,5700.0,1,1,1.4,https://www.bazaraki.com/adv/4812172_mazda-demio-1-4l-2008/
Mazda,Demio,2017.0,90000.0,11900.0,1,0,1.6,https://www.bazaraki.com/adv/4812076_mazda-demio-1-6l-2017/
Mazda,Demio,2019.0,69000.0,14900.0,0,0,1.5,https://www.bazaraki.com/adv/4712723_mazda-demio-1-5l-2019/
Mazda,Demio,2009.0,198000.0,6800.0,0,0,1.3,https://www.bazaraki.com/adv/4811831_mazda-demio-1-3l-2009/
Mazda,Demio,2018.0,74000.0,11700.0,0,1,1.3,https://www.bazaraki.com/adv/4811737_mazda-demio-1-3l-2018/
Mazda,Demio,2018.0,40000.0,13800.0,0,0,1.3,https://www.bazaraki.com/adv/4811159_mazda-demio-1-3l-2018/
Mazda,Demio,2019.0,11666.0,15900.0,0,0,1.5,https://www.bazaraki.com/adv/4701998_mazda-demio-1-5l-2019/
Mazda,Demio,2019.0,26030.0,15900.0,0,0,1.5,https://www.bazaraki.com/adv/4741781_mazda-demio-1-5l-2019/
Mazda,Demio,2018.0,77000.0,12800.0,0,0,1.3,https://www.bazaraki.com/adv/4810585_mazda-demio-1-3l-2018/
Mazda,Demio,2019.0,42000.0,16800.0,1,0,1.5,https://www.bazaraki.com/adv/4764186_mazda-demio-1-5l-2019/
Mazda,Demio,2019.0,51657.0,14900.0,0,0,1.5,https://www.bazaraki.com/adv/4713638_mazda-demio-1-5l-2019/
Mazda,Demio,2019.0,20000.0,14400.0,0,0,1.5,https://www.bazaraki.com/adv/4809223_mazda-demio-1-5l-2019/
Mazda,Demio,2015.0,85000.0,12000.0,1,0,1.5,https://www.bazaraki.com/adv/4809194_mazda-demio-1-5l-2015/
Mazda,Demio,2017.0,74000.0,12200.0,0,0,1.3,https://www.bazaraki.com/adv/4790221_mazda-demio-1-3l-2017/
Mazda,Demio,2010.0,83547.0,6300.0,0,1,1.3,https://www.bazaraki.com/adv/4681535_mazda-demio-1-3l-2010/
Mazda,Demio,2019.0,40000.0,13500.0,0,0,1.5,https://www.bazaraki.com/adv/4687090_mazda-demio-1-5l-2019/
Mazda,Demio,2019.0,13000.0,14500.0,0,0,1.5,https://www.bazaraki.com/adv/4808129_mazda-demio-1-5l-2019/
Mazda,Demio,2018.0,56600.0,12900.0,0,0,1.3,https://www.bazaraki.com/adv/4536377_mazda-demio-1-3l-2018/
Mazda,Demio,2011.0,216000.0,7250.0,0,0,1.3,https://www.bazaraki.com/adv/4807910_mazda-demio-1-3l-2011/
Mazda,Demio,2022.0,828.0,17200.0,0,0,1.5,https://www.bazaraki.com/adv/4807025_mazda-demio-1-5l-2022/
Mazda,Demio,2018.0,41000.0,14600.0,0,0,1.5,https://www.bazaraki.com/adv/4807002_mazda-demio-1-5l-2018/
Mazda,Demio,2018.0,65000.0,16500.0,1,0,1.5,https://www.bazaraki.com/adv/4806929_mazda-demio-1-5l-2018/
Mazda,Demio,2003.0,160000.0,2650.0,0,1,1.3,https://www.bazaraki.com/adv/4806684_mazda-demio-1-3l-2003/
Mazda,Demio,2019.0,70618.0,15500.0,0,0,1.5,https://www.bazaraki.com/adv/4806466_mazda-demio-1-5l-2019/
Mazda,Demio,2019.0,62000.0,13200.0,0,0,1.5,https://www.bazaraki.com/adv/4771224_mazda-demio-1-5l-2019/
Mazda,Demio,2019.0,49000.0,13500.0,0,0,1.5,https://www.bazaraki.com/adv/4805995_mazda-demio-1-5l-2019/
Mazda,Demio,2008.0,275000.0,6200.0,0,0,1.3,https://www.bazaraki.com/adv/4731715_mazda-demio-1-3l-2008/
Mazda,Demio,2016.0,94000.0,12000.0,1,0,1.5,https://www.bazaraki.com/adv/4709773_mazda-demio-1-5l-2016/
Mazda,Demio,2021.0,11000.0,15500.0,0,0,1.5,https://www.bazaraki.com/adv/4690665_mazda-demio-1-5l-2021/
Mazda,Demio,2005.0,230716.0,2700.0,0,0,1.3,https://www.bazaraki.com/adv/4803572_mazda-demio-1-3l-2005/
Mazda,Demio,2019.0,45000.0,13800.0,0,0,1.5,https://www.bazaraki.com/adv/4804135_mazda-demio-1-5l-2019/
Mazda,Demio,2021.0,28000.0,14900.0,0,0,1.5,https://www.bazaraki.com/adv/4804067_mazda-demio-1-5l-2021/
Mazda,Demio,2000.0,280000.0,1500.0,0,0,1.3,https://www.bazaraki.com/adv/4803109_mazda-demio-1-3l-2000/
Mazda,Demio,2008.0,280000.0,6800.0,0,0,1.3,https://www.bazaraki.com/adv/4752007_mazda-demio-1-3l-2008/
Mazda,Demio,2013.0,104250.0,10000.0,0,1,1.3,https://www.bazaraki.com/adv/4802828_mazda-demio-1-3l-2013/
Mazda,Demio,2019.0,60000.0,13000.0,0,0,1.5,https://www.bazaraki.com/adv/4750924_mazda-demio-1-3l-2019/
Mazda,Demio,2017.0,64000.0,13800.0,1,0,1.5,https://www.bazaraki.com/adv/4802527_mazda-demio-1-5l-2017/
Mazda,Demio,2019.0,86000.0,13200.0,0,0,1.5,https://www.bazaraki.com/adv/4802464_mazda-demio-1-3l-2019/
Mazda,Demio,2017.0,85000.0,11500.0,0,0,1.3,https://www.bazaraki.com/adv/4741358_mazda-demio-1-3l-2017/
Mazda,Demio,2017.0,59000.0,11700.0,0,0,1.3,https://www.bazaraki.com/adv/4574362_mazda-demio-1-3l-2017/
Mazda,Demio,2020.0,49000.0,14300.0,0,0,1.5,https://www.bazaraki.com/adv/4747491_mazda-demio-1-5l-2020/
Mazda,Demio,2011.0,190000.0,7300.0,0,0,1.3,https://www.bazaraki.com/adv/4800691_mazda-demio-1-3l-2011/
Mazda,Demio,2018.0,70000.0,13500.0,0,0,1.3,https://www.bazaraki.com/adv/4800640_mazda-demio-1-3l-2018/
Mazda,Demio,2019.0,48000.0,13300.0,0,0,1.5,https://www.bazaraki.com/adv/4792253_mazda-demio-1-5l-2019/
Mazda,Demio,2018.0,39000.0,13950.0,1,0,1.5,https://www.bazaraki.com/adv/4655527_mazda-demio-1-5l-2018/
Mazda,Demio,2015.0,150000.0,10500.0,1,0,1.5,https://www.bazaraki.com/adv/4800181_mazda-demio-1-5l-2015/
Mazda,Demio,2019.0,46700.0,13200.0,0,0,1.5,https://www.bazaraki.com/adv/4657247_mazda-demio-1-5l-2019/
Mazda,Demio,2019.0,41500.0,13500.0,0,0,1.5,https://www.bazaraki.com/adv/4657287_mazda-demio-1-5l-2019/
Mazda,Demio,2018.0,51400.0,13500.0,0,0,1.3,https://www.bazaraki.com/adv/4544977_mazda-demio-1-3l-2018/
Mazda,Demio,2017.0,40500.0,13000.0,1,0,1.5,https://www.bazaraki.com/adv/4783992_mazda-demio-1-5l-2017/
Mazda,2,2021.0,21482.0,15900.0,0,0,1.5,https://www.bazaraki.com/adv/4727866_mazda-2-1-5l-2021/
Mazda,2,2017.0,90000.0,11500.0,0,0,1.3,https://www.bazaraki.com/adv/4836703_mazda-2-1-3l-2017/
Mazda,2,2019.0,25112.0,15900.0,1,0,1.5,https://www.bazaraki.com/adv/4473271_mazda-2-1-5l-2019/
Mazda,2,2020.0,31000.0,13900.0,0,0,1.5,https://www.bazaraki.com/adv/4819984_mazda-2-1-5l-2020/
Mazda,2,2020.0,19800.0,16900.0,0,0,1.5,https://www.bazaraki.com/adv/4835174_mazda-2-1-5l-2020/
Mazda,2,2020.0,15700.0,15000.0,0,0,1.5,https://www.bazaraki.com/adv/4651596_mazda-2-1-5l-2019/
Mazda,2,2020.0,11900.0,16800.0,1,0,1.5,https://www.bazaraki.com/adv/4746141_mazda-2-1-5l-2020/
Mazda,2,2020.0,3900.0,14900.0,0,0,1.5,https://www.bazaraki.com/adv/4775014_mazda-2-1-5l-2020/
Mazda,2,2019.0,41.0,15200.0,0,0,1.5,https://www.bazaraki.com/adv/4837110_mazda-2-1-5l-2019/
Mazda,2,2020.0,39457.0,15000.0,0,0,1.5,https://www.bazaraki.com/adv/4837008_mazda-2-1-5l-2020/
Mazda,2,2021.0,13700.0,14500.0,0,0,1.5,https://www.bazaraki.com/adv/4789847_mazda-2-1-5l-2021/
Mazda,2,2020.0,16724.0,16500.0,0,0,1.5,https://www.bazaraki.com/adv/4743035_mazda-2-1-5l-2020/
Mazda,2,2020.0,19000.0,15000.0,0,0,1.5,https://www.bazaraki.com/adv/4788392_mazda-2-1-5l-2020/
Mazda,2,2020.0,7196.0,16490.0,0,0,1.5,https://www.bazaraki.com/adv/4807872_mazda-2-1-5l-2020/
Mazda,2,2019.0,10500.0,14900.0,0,0,1.5,https://www.bazaraki.com/adv/4835113_mazda-2-1-5l-2019/
Mazda,2,2019.0,56000.0,14900.0,0,0,1.5,https://www.bazaraki.com/adv/4834632_mazda-2-1-5l-2019/
Mazda,2,2021.0,40000.0,13900.0,0,0,1.5,https://www.bazaraki.com/adv/4832744_mazda-2-1-5l-2021/
Mazda,2,2019.0,30000.0,13500.0,0,0,1.5,https://www.bazaraki.com/adv/4832644_mazda-2-1-5l-2019/
Mazda,2,2019.0,43000.0,12800.0,1,0,1.5,https://www.bazaraki.com/adv/4724019_mazda-2-1-5l-2019/
Mazda,2,2022.0,9500.0,15900.0,0,0,1.5,https://www.bazaraki.com/adv/4817174_mazda-2-1-5l-2022/
Mazda,2,2020.0,17300.0,14900.0,0,0,1.5,https://www.bazaraki.com/adv/4830298_mazda-2-1-5l-2020/
Mazda,2,2020.0,9409.0,14900.0,0,0,1.5,https://www.bazaraki.com/adv/4774883_mazda-2-1-5l-2020/
Mazda,2,2020.0,46000.0,18900.0,0,0,1.5,https://www.bazaraki.com/adv/4779849_mazda-2-1-5l-2020/
Mazda,2,2015.0,120000.0,10500.0,1,0,1.5,https://www.bazaraki.com/adv/4829598_mazda-2-1-5l-2015/
Mazda,2,2021.0,55000.0,15900.0,0,0,1.5,https://www.bazaraki.com/adv/4829340_mazda-2-1-5l-2021/
Mazda,2,2021.0,59000.0,15900.0,0,0,1.5,https://www.bazaraki.com/adv/4829343_mazda-2-1-5l-2021/
Mazda,2,2020.0,38500.0,13950.0,0,0,1.5,https://www.bazaraki.com/adv/4785100_mazda-2-1-5l-2020/
Mazda,2,2020.0,23000.0,13950.0,0,0,1.5,https://www.bazaraki.com/adv/4785093_mazda-2-1-5l-2020/
Mazda,2,2021.0,15000.0,14800.0,0,0,1.5,https://www.bazaraki.com/adv/4825644_mazda-2-1-5l-2021/
Mazda,2,2009.0,112100.0,5000.0,0,1,1.3,https://www.bazaraki.com/adv/4828389_mazda-2-1-3l-2009/
Mazda,2,2020.0,7000.0,16500.0,0,0,1.5,https://www.bazaraki.com/adv/4757868_mazda-2-1-5l-2020/
Mazda,2,2020.0,12500.0,16300.0,0,0,1.5,https://www.bazaraki.com/adv/4558533_mazda-2-1-5l-2020/
Mazda,2,2021.0,13343.0,17500.0,0,0,1.5,https://www.bazaraki.com/adv/4719152_mazda-2-1-5l-2020/
Mazda,2,2019.0,60000.0,13300.0,0,1,1.5,https://www.bazaraki.com/adv/4826809_mazda-2-1-5l-2019/
Mazda,2,2019.0,26000.0,15900.0,0,0,1.5,https://www.bazaraki.com/adv/4678657_mazda-2-1-5l-2019/
Mazda,2,2019.0,59000.0,13900.0,1,1,1.5,https://www.bazaraki.com/adv/4826488_mazda-2-1-5l-2019/
Mazda,2,2019.0,18500.0,14800.0,1,0,1.5,https://www.bazaraki.com/adv/4825310_mazda-2-1-5l-2019/
Mazda,2,2020.0,74300.0,13800.0,0,0,1.5,https://www.bazaraki.com/adv/4814152_mazda-2-1-5l-2020/
Mazda,2,2019.0,26000.0,14500.0,1,0,1.5,https://www.bazaraki.com/adv/4824861_mazda-2-1-5l-2019/
Mazda,2,2021.0,14000.0,14995.0,0,0,1.5,https://www.bazaraki.com/adv/4824326_mazda-2-1-5l-2021/
Mazda,2,2021.0,18500.0,15800.0,0,0,1.5,https://www.bazaraki.com/adv/4824251_mazda-2-1-5l-2021/
Mazda,2,2020.0,21912.0,14500.0,0,0,1.5,https://www.bazaraki.com/adv/4776445_mazda-2-1-5l-2020/
Mazda,2,2019.0,23000.0,14900.0,0,0,1.5,https://www.bazaraki.com/adv/4823715_mazda-2-1-5l-2019/
Mazda,2,2020.0,15000.0,16900.0,0,0,1.5,https://www.bazaraki.com/adv/4822461_mazda-2-1-5l-2020/
Mazda,2,2018.0,59000.0,11800.0,0,1,1.5,https://www.bazaraki.com/adv/4822173_mazda-2-1-5l-2018/
Mazda,2,2021.0,63000.0,15700.0,0,0,1.5,https://www.bazaraki.com/adv/4821066_mazda-2-1-5l-2021/
Mazda,2,2021.0,32000.0,15900.0,0,0,1.5,https://www.bazaraki.com/adv/4820914_mazda-2-1-5l-2021/
Mazda,2,2020.0,24850.0,14900.0,0,0,1.5,https://www.bazaraki.com/adv/4820813_mazda-2-1-5l-2020/
Mazda,2,2020.0,49000.0,13995.0,0,0,1.5,https://www.bazaraki.com/adv/4776726_mazda-2-1-5l-2020/
Mazda,2,2022.0,7000.0,17000.0,0,0,1.5,https://www.bazaraki.com/adv/4777006_mazda-2-1-5l-2022/
Mazda,2,2022.0,6000.0,15795.0,0,0,1.5,https://www.bazaraki.com/adv/4819343_mazda-2-1-5l-2022/
Mazda,2,2020.0,26500.0,15850.0,0,0,1.5,https://www.bazaraki.com/adv/4652389_mazda-2-1-5l-2019/
Mazda,2,2021.0,10500.0,16850.0,0,0,1.5,https://www.bazaraki.com/adv/4747809_mazda-2-1-5l-2021/
Mazda,2,2022.0,13500.0,16850.0,0,0,1.5,https://www.bazaraki.com/adv/4747800_mazda-2-1-5l-2022/
Mazda,2,2020.0,17000.0,15000.0,0,0,1.5,https://www.bazaraki.com/adv/4816425_mazda-2-1-5l-2020/
Mazda,2,2020.0,5000.0,16000.0,0,0,1.5,https://www.bazaraki.com/adv/4816324_mazda-2-1-5l-2020/
Mazda,2,2021.0,25000.0,16000.0,0,0,1.5,https://www.bazaraki.com/adv/4816319_mazda-2-1-5l-2021/
Mazda,2,2016.0,56000.0,13300.0,1,0,1.5,https://www.bazaraki.com/adv/4796279_mazda-2-1-5l-2016/
Mazda,2,2020.0,17600.0,13900.0,0,0,1.5,https://www.bazaraki.com/adv/4688223_mazda-2-1-5l-2020/
Mazda,2,2020.0,55000.0,13400.0,0,0,1.5,https://www.bazaraki.com/adv/4814354_mazda-3-1-5l-2020/
Mazda,2,2011.0,110000.0,8500.0,0,1,1.3,https://www.bazaraki.com/adv/4811153_mazda-2-1-3l-2011/
Mazda,2,2021.0,4500.0,16900.0,0,0,1.5,https://www.bazaraki.com/adv/4755832_mazda-2-1-5l-2021/
Mazda,2,2010.0,150000.0,5200.0,0,1,1.3,https://www.bazaraki.com/adv/4810024_mazda-2-1-3l-2010/
Mazda,2,2009.0,129000.0,5500.0,1,1,1.5,https://www.bazaraki.com/adv/4808505_mazda-2-1-5l-2009/
Mazda,2,2020.0,24000.0,14500.0,0,0,1.5,https://www.bazaraki.com/adv/4735751_mazda-2-1-5l-2020/
Mazda,2,2020.0,19500.0,17000.0,0,0,1.5,https://www.bazaraki.com/adv/4750950_mazda-2-1-5l-2020/
Mazda,2,2018.0,40000.0,15900.0,0,0,1.3,https://www.bazaraki.com/adv/4577069_mazda-2-1-3l-2018/
Mazda,2,2020.0,24430.0,14500.0,0,0,1.5,https://www.bazaraki.com/adv/4806475_mazda-2-1-5l-2020/
Mazda,2,2019.0,28189.0,14300.0,0,0,1.5,https://www.bazaraki.com/adv/4806458_mazda-2-1-5l-2019/
Mazda,2,2013.0,92000.0,7600.0,0,0,1.3,https://www.bazaraki.com/adv/4805168_mazda-2-1-3l-2013/
Mazda,2,2021.0,9900.0,17300.0,0,0,1.5,https://www.bazaraki.com/adv/4800537_mazda-2-1-5l-2021/
Mazda,Demio,2018.0,16500.0,12700.0,0,0,1.5,https://www.bazaraki.com/adv/4725648_mazda-demio-1-5l-2018/
Mazda,Demio,2019.0,34000.0,16600.0,0,0,1.5,https://www.bazaraki.com/adv/4840392_mazda-demio-1-5l-2019/
Mazda,Demio,2019.0,38791.0,14900.0,0,0,1.5,https://www.bazaraki.com/adv/4489351_mazda-demio-1-5l-2019/
Mazda,Demio,2018.0,18700.0,13950.0,0,0,1.3,https://www.bazaraki.com/adv/4840741_mazda-demio-1-3l-2018/
Mazda,Demio,2018.0,71000.0,12600.0,0,0,1.3,https://www.bazaraki.com/adv/4842633_mazda-demio-1-3l-2018/
Mazda,Demio,1996.0,170000.0,1700.0,0,1,1.3,https://www.bazaraki.com/adv/4842026_mazda-demio-1-3l-1996/
Mazda,Demio,2019.0,29000.0,15200.0,1,0,1.5,https://www.bazaraki.com/adv/4693080_mazda-demio-1-5l-2019/
Mazda,Demio,2008.0,119000.0,6300.0,0,0,1.3,https://www.bazaraki.com/adv/4841315_mazda-demio-1-3l-2008/
Mazda,Demio,2013.0,85000.0,8900.0,0,0,1.3,https://www.bazaraki.com/adv/4841279_mazda-demio-1-3l-2013/
Mazda,Demio,2017.0,87000.0,12900.0,0,0,1.3,https://www.bazaraki.com/adv/4841157_mazda-demio-1-3l-2017/
Mazda,2,2020.0,24800.0,14900.0,0,0,1.5,https://www.bazaraki.com/adv/4847463_mazda-2-1-5l-2020/
Mazda,2,2020.0,27000.0,14500.0,0,0,1.5,https://www.bazaraki.com/adv/4806482_mazda-2-1-5l-2020/
Mazda,2,2020.0,38000.0,15000.0,0,0,1.5,https://www.bazaraki.com/adv/4713834_mazda-2-1-5l-2020/
Mazda,2,2020.0,3200.0,14750.0,0,0,1.5,https://www.bazaraki.com/adv/4844986_mazda-2-1-5l-2020/
Mazda,2,2019.0,18500.0,14800.0,1,0,1.5,https://www.bazaraki.com/adv/4842037_mazda-2-1-5l-2019/
Mazda,2,2019.0,63000.0,13300.0,0,1,1.5,https://www.bazaraki.com/adv/4840916_mazda-2-1-5l-2019/
Mazda,2,2020.0,75300.0,14900.0,0,0,1.5,https://www.bazaraki.com/adv/4840391_mazda-2-1-5l-2020/
Mazda,Demio,2019.0,63150.0,14500.0,0,0,1.5,https://www.bazaraki.com/adv/4847619_mazda-demio-1-5l-2019/
Mazda,Demio,2019.0,27300.0,12850.0,0,0,1.5,https://www.bazaraki.com/adv/4844706_mazda-demio-1-5l-2019/
Mazda,Demio,2003.0,224300.0,3300.0,0,1,1.4,https://www.bazaraki.com/adv/4847410_mazda-demio-1-4l-2003/
Mazda,Demio,2020.0,63000.0,13600.0,0,0,1.5,https://www.bazaraki.com/adv/4847349_mazda-demio-1-5l-2020/
Mazda,Demio,2018.0,64000.0,11500.0,0,0,1.3,https://www.bazaraki.com/adv/4790821_mazda-demio-1-3l-2018/
Mazda,Demio,2017.0,102595.0,11500.0,1,0,1.5,https://www.bazaraki.com/adv/4847492_mazda-demio-1-5l-2017/
Mazda,Demio,2019.0,47700.0,13500.0,0,0,1.5,https://www.bazaraki.com/adv/4847838_mazda-demio-1-5l-2019/
Mazda,Demio,2019.0,57000.0,14200.0,0,0,1.3,https://www.bazaraki.com/adv/4847769_mazda-demio-1-3l-2019/
Mazda,Demio,2013.0,235100.0,6900.0,0,0,1.3,https://www.bazaraki.com/adv/4847646_mazda-demio-1-3l-2013/
Mazda,Demio,2017.0,76000.0,11700.0,0,0,1.3,https://www.bazaraki.com/adv/4847321_mazda-demio-1-3l-2017/
Mazda,Demio,2019.0,60000.0,12900.0,0,0,1.5,https://www.bazaraki.com/adv/4790881_mazda-demio-1-5l-2019/
Mazda,Demio,2016.0,86000.0,12500.0,0,0,1.3,https://www.bazaraki.com/adv/4846997_mazda-demio-1-3l-2016/
Mazda,Demio,2013.0,88500.0,8300.0,0,0,1.3,https://www.bazaraki.com/adv/4846621_mazda-demio-1-3l-2013/
Mazda,Demio,2019.0,18500.0,13900.0,0,0,1.5,https://www.bazaraki.com/adv/4721155_mazda-demio-1-5l-2019/
Mazda,Demio,2018.0,37000.0,12800.0,0,0,1.3,https://www.bazaraki.com/adv/4845483_mazda-demio-1-3l-2018/
Mazda,Demio,2019.0,37000.0,14000.0,0,0,1.5,https://www.bazaraki.com/adv/4843780_mazda-demio-1-5l-2019/
Mazda,2,2020.0,39500.0,14500.0,0,0,1.5,https://www.bazaraki.com/adv/4745221_mazda-2-1-5l-2020/
Mazda,2,2020.0,60000.0,15500.0,1,0,1.5,https://www.bazaraki.com/adv/4809867_mazda-2-1-5l-2020/
Mazda,2,2021.0,65400.0,12700.0,0,0,1.5,https://www.bazaraki.com/adv/4854014_mazda-2-1-5l-2021/
Mazda,2,2021.0,23000.0,15900.0,0,0,1.5,https://www.bazaraki.com/adv/4852918_mazda-2-1-5l-2021/
Mazda,2,2009.0,143523.0,5500.0,1,1,1.4,https://www.bazaraki.com/adv/4746997_mazda-2-1-4l-2009/
Mazda,2,2019.0,27000.0,15000.0,0,0,1.5,https://www.bazaraki.com/adv/4738928_mazda-2-1-5l-2019/
Mazda,2,2021.0,18000.0,15700.0,0,0,1.5,https://www.bazaraki.com/adv/4852906_mazda-2-1-5l-2021/
Mazda,2,2019.0,51000.0,16800.0,1,0,1.5,https://www.bazaraki.com/adv/4852791_mazda-2-1-5l-2019/
Mazda,2,2007.0,74000.0,6000.0,0,1,1.4,https://www.bazaraki.com/adv/4851781_mazda-2-1-4l-2007/
Mazda,2,2022.0,6000.0,17300.0,0,0,1.5,https://www.bazaraki.com/adv/4481864_mazda-2-1-5l-2022/
Mazda,Demio,2019.0,36200.0,11700.0,0,0,1.5,https://www.bazaraki.com/adv/4853979_mazda-demio-1-5l-2019/
Mazda,Demio,2019.0,60000.0,12500.0,0,0,1.5,https://www.bazaraki.com/adv/4726706_mazda-demio-1-5l-2019/
Mazda,Demio,2015.0,48565.0,10000.0,0,0,1.5,https://www.bazaraki.com/adv/4852608_mazda-demio-1-5l-2015/
Mazda,Demio,1998.0,198000.0,1600.0,0,1,1.3,https://www.bazaraki.com/adv/4854458_mazda-demio-1-3l-1998/
Mazda,Demio,2018.0,60350.0,11800.0,0,0,1.3,https://www.bazaraki.com/adv/4853779_mazda-demio-1-3l-2018/
Mazda,Demio,2017.0,59600.0,13300.0,1,0,1.5,https://www.bazaraki.com/adv/4853651_mazda-demio-1-5l-2017/
Mazda,Demio,2017.0,99733.0,11500.0,0,0,1.3,https://www.bazaraki.com/adv/4853494_mazda-demio-1-3l-2017/
Mazda,Demio,2019.0,75000.0,12500.0,0,0,1.5,https://www.bazaraki.com/adv/4853277_mazda-demio-1-5l-2019/
Mazda,Demio,2017.0,96000.0,11500.0,0,0,1.3,https://www.bazaraki.com/adv/4852716_mazda-demio-1-3l-2017/
Mazda,Demio,2008.0,105000.0,6900.0,0,1,1.5,https://www.bazaraki.com/adv/4852566_mazda-demio-1-5l-2008/
Mazda,Demio,2019.0,84000.0,13800.0,0,0,1.5,https://www.bazaraki.com/adv/4593566_mazda-demio-1-5l-2019/
Mazda,Demio,2020.0,3500.0,14400.0,0,0,1.5,https://www.bazaraki.com/adv/4852435_mazda-demio-1-5l-2020/
Mazda,Demio,2014.0,63894.0,8300.0,0,0,1.3,https://www.bazaraki.com/adv/4851532_mazda-demio-1-3l-2014/
Mazda,Demio,2018.0,45000.0,16900.0,1,0,1.5,https://www.bazaraki.com/adv/4481843_mazda-demio-1-5l-2018/
Mazda,Demio,2017.0,83400.0,13500.0,0,0,1.5,https://www.bazaraki.com/adv/4851015_mazda-demio-1-5l-2017/
Mazda,Demio,2004.0,143158.0,3600.0,0,0,1.3,https://www.bazaraki.com/adv/4850175_mazda-demio-1-4l-2004/
Mazda,Demio,2019.0,14000.0,14400.0,0,0,1.5,https://www.bazaraki.com/adv/4850143_mazda-demio-1-5l-2019/
Mazda,Demio,2014.0,138000.0,8500.0,0,0,1.3,https://www.bazaraki.com/adv/4850335_mazda-demio-1-3l-2014/
Mazda,Demio,2019.0,810000.0,12000.0,0,0,1.5,https://www.bazaraki.com/adv/4848506_mazda-demio-1-5l-2019/
Mazda,Demio,2020.0,59000.0,14500.0,0,0,1.5,https://www.bazaraki.com/adv/4718143_mazda-demio-1-5l-2018/
Mazda,Demio,2011.0,130000.0,7700.0,0,0,1.3,https://www.bazaraki.com/adv/4849011_mazda-demio-1-3l-2011/
Mazda,Demio,2007.0,114000.0,6800.0,0,0,1.3,https://www.bazaraki.com/adv/4846960_mazda-demio-1-3l-2007/
Mazda,Demio,2019.0,38.0,13000.0,0,0,1.5,https://www.bazaraki.com/adv/4846482_mazda-demio-1-5l-2019/
Mazda,Demio,2014.0,124000.0,7700.0,0,0,1.3,https://www.bazaraki.com/adv/4846205_mazda-demio-1-3l-2014/
Mazda,Demio,2018.0,52000.0,13700.0,0,0,1.3,https://www.bazaraki.com/adv/4844517_mazda-demio-1-3l-2018/
Mazda,Demio,2018.0,70100.0,14400.0,1,0,1.5,https://www.bazaraki.com/adv/4843906_mazda-demio-1-5l-2018/
Mazda,Demio,2001.0,260000.0,1950.0,0,0,1.3,https://www.bazaraki.com/adv/4843887_mazda-demio-1-3l-2001/
Mazda,2,2009.0,68000.0,4500.0,1,1,1.4,https://www.bazaraki.com/adv/4857883_mazda-2-1-4l-2009/
Mazda,2,2021.0,45000.0,14000.0,0,0,1.5,https://www.bazaraki.com/adv/4857188_mazda-2-1-5l-2021/
Mazda,2,2004.0,145000.0,4800.0,0,0,1.5,https://www.bazaraki.com/adv/4856712_mazda-2-1-5l-2004/
Mazda,2,2013.0,57000.0,8000.0,0,1,1.3,https://www.bazaraki.com/adv/4855662_mazda-2-1-3l-2012/
Mazda,2,2020.0,21452.0,17500.0,0,0,1.5,https://www.bazaraki.com/adv/4719143_mazda-2-1-5l-2021/
Mazda,Demio,2011.0,182300.0,6300.0,0,0,1.3,https://www.bazaraki.com/adv/4856966_mazda-demio-1-3l-2011/
Mazda,Demio,2016.0,108000.0,10300.0,0,0,1.5,https://www.bazaraki.com/adv/4725902_mazda-demio-1-5l-2016/
Mazda,Demio,2017.0,68000.0,10900.0,0,0,1.3,https://www.bazaraki.com/adv/4857184_mazda-demio-1-3l-2017/
Mazda,Demio,2014.0,137000.0,8300.0,0,0,1.3,https://www.bazaraki.com/adv/4856775_mazda-demio-1-3l-2014/
Mazda,Demio,2017.0,110000.0,11000.0,0,0,1.3,https://www.bazaraki.com/adv/4855759_mazda-demio-1-3l-2017/
Mazda,Demio,2011.0,157173.0,6400.0,0,0,1.3,https://www.bazaraki.com/adv/4855531_mazda-demio-1-3l-2011/
Mazda,Demio,2019.0,70000.0,13900.0,0,0,1.5,https://www.bazaraki.com/adv/4854724_mazda-demio-1-5l-2019/
Mazda,Demio,2021.0,38000.0,14900.0,0,0,1.5,https://www.bazaraki.com/adv/4854565_mazda-demio-1-5l-2021/
Mazda,Demio,2013.0,152000.0,8300.0,0,0,1.3,https://www.bazaraki.com/adv/4854534_mazda-demio-1-3l-2013/
Mazda,Demio,2020.0,3500.0,14400.0,0,0,1.5,https://www.bazaraki.com/adv/4852434_mazda-demio-1-5l-2020/
Mazda,2,2021.0,21000.0,16999.0,0,0,1.5,https://www.bazaraki.com/adv/4866739_mazda-2-1-5l-2021/
Mazda,2,2021.0,21000.0,16300.0,0,0,1.5,https://www.bazaraki.com/adv/4865401_mazda-2-1-5l-2021/
Mazda,2,1999.0,177009.0,2500.0,0,0,1.5,https://www.bazaraki.com/adv/4864091_mazda-2-1-5l-1999/
Mazda,2,2020.0,23000.0,15700.0,0,0,1.5,https://www.bazaraki.com/adv/4862902_mazda-2-1-5l-2020/
Mazda,2,2021.0,21500.0,15895.0,0,0,1.5,https://www.bazaraki.com/adv/4862055_mazda-2-1-5l-2021/
Mazda,2,2020.0,15000.0,15700.0,0,0,1.5,https://www.bazaraki.com/adv/4858367_mazda-2-1-5l-2020/
Mazda,Demio,2011.0,184000.0,6900.0,0,0,1.4,https://www.bazaraki.com/adv/4864605_mazda-demio-1-4l-2011/
Mazda,Demio,2013.0,172300.0,6300.0,0,1,1.3,https://www.bazaraki.com/adv/4863247_mazda-demio-1-3l-2013/
Mazda,Demio,2016.0,115000.0,12500.0,1,0,1.5,https://www.bazaraki.com/adv/4866803_mazda-demio-1-6l-2016/
Mazda,Demio,2018.0,42000.0,12500.0,0,0,1.3,https://www.bazaraki.com/adv/4866734_mazda-demio-1-3l-2018/
Mazda,Demio,2015.0,105500.0,10500.0,0,0,1.4,https://www.bazaraki.com/adv/4866710_mazda-demio-1-4l-2015/
Mazda,Demio,2002.0,180000.0,2500.0,0,1,1.3,https://www.bazaraki.com/adv/4854448_mazda-demio-1-3l-2002/
Mazda,Demio,2019.0,50000.0,13500.0,0,0,1.5,https://www.bazaraki.com/adv/4865354_mazda-demio-1-5l-2019/
Mazda,Demio,2019.0,52700.0,13800.0,0,0,1.5,https://www.bazaraki.com/adv/4865728_mazda-demio-1-5l-2019/
Mazda,Demio,2015.0,124000.0,10500.0,0,0,1.3,https://www.bazaraki.com/adv/4865577_mazda-demio-1-3l-2015/
Mazda,Demio,2019.0,45000.0,13750.0,0,0,1.5,https://www.bazaraki.com/adv/4591230_mazda-demio-1-5l-2019/
Mazda,Demio,2019.0,33000.0,14350.0,0,0,1.5,https://www.bazaraki.com/adv/4865316_mazda-demio-1-5l-2019/
Mazda,Demio,2013.0,150000.0,8500.0,0,0,0.0,https://www.bazaraki.com/adv/4865124_mazda-demio-electric-2013/
Mazda,Demio,2013.0,140000.0,7500.0,0,1,1.3,https://www.bazaraki.com/adv/4865101_mazda-demio-1-3l-2013/
Mazda,Demio,2019.0,45000.0,15800.0,1,0,1.5,https://www.bazaraki.com/adv/4865019_mazda-demio-1-5l-2019/
Mazda,Demio,2019.0,49905.0,12500.0,0,0,1.5,https://www.bazaraki.com/adv/4864832_mazda-demio-1-5l-2019/
Mazda,Demio,2017.0,122000.0,12500.0,1,0,1.5,https://www.bazaraki.com/adv/4864164_mazda-demio-1-5l-2017/
Mazda,Demio,2018.0,23000.0,14000.0,0,0,1.5,https://www.bazaraki.com/adv/4665586_mazda-demio-1-5l-2018/
Mazda,Demio,2019.0,55000.0,13000.0,0,0,1.5,https://www.bazaraki.com/adv/4864026_mazda-demio-1-5l-2019/
Mazda,Demio,2018.0,50000.0,13700.0,0,0,1.3,https://www.bazaraki.com/adv/4863586_mazda-demio-1-3l-2018/
Mazda,Demio,2019.0,79000.0,13500.0,0,0,1.5,https://www.bazaraki.com/adv/4863564_mazda-demio-1-5l-2019/
Mazda,Demio,2019.0,62000.0,13900.0,0,0,1.5,https://www.bazaraki.com/adv/4863542_mazda-demio-1-5l-2019/
Mazda,Demio,2018.0,68000.0,14300.0,0,0,1.5,https://www.bazaraki.com/adv/4862183_mazda-demio-1-5l-2018/
Mazda,Demio,2019.0,79900.0,13300.0,0,0,1.5,https://www.bazaraki.com/adv/4862660_mazda-demio-1-5l-2019/
Mazda,Demio,2016.0,91007.0,11500.0,0,0,1.3,https://www.bazaraki.com/adv/4647637_mazda-demio-1-3l-2016/
Mazda,Demio,2011.0,101000.0,7999.0,0,0,1.3,https://www.bazaraki.com/adv/4859123_mazda-demio-1-3l-2011/
Mazda,Demio,2016.0,50000.0,13000.0,1,0,1.6,https://www.bazaraki.com/adv/4858784_mazda-demio-6-0l-2016/
Mazda,2,2012.0,132000.0,5500.0,0,1,1.4,https://www.bazaraki.com/adv/4868490_mazda-2-1-4l-2012/
Mazda,2,2022.0,6900.0,16950.0,0,0,1.5,https://www.bazaraki.com/adv/4867318_mazda-2-1-5l-2022/
Mazda,Demio,2019.0,9900.0,14300.0,0,0,1.5,https://www.bazaraki.com/adv/4867479_mazda-demio-1-5l-2019/
Mazda,Demio,2019.0,11000.0,15500.0,0,0,1.5,https://www.bazaraki.com/adv/4867155_mazda-demio-1-5l-2019/
Mazda,Demio,2019.0,71000.0,12300.0,0,0,1.5,https://www.bazaraki.com/adv/4852815_mazda-demio-1-5l-2019/
Mazda,Demio,2016.0,85000.0,11500.0,0,0,1.3,https://www.bazaraki.com/adv/4869054_mazda-demio-1-3l-2016/
Mazda,Demio,2016.0,71000.0,10999.0,0,0,1.3,https://www.bazaraki.com/adv/4868830_mazda-demio-1-3l-2016/
Mazda,Demio,2019.0,45000.0,12750.0,0,0,1.5,https://www.bazaraki.com/adv/4868752_mazda-demio-1-5l-2019/
Mazda,Demio,2019.0,34200.0,12900.0,0,0,1.5,https://www.bazaraki.com/adv/4868592_mazda-demio-1-5l-2019/
Mazda,Demio,2017.0,173000.0,9800.0,0,0,1.3,https://www.bazaraki.com/adv/4868507_mazda-demio-1-3l-2017/
Mazda,Demio,2012.0,180000.0,7900.0,0,0,1.3,https://www.bazaraki.com/adv/4868470_mazda-demio-1-3l-2012/
Mazda,Demio,2016.0,79800.0,10500.0,0,0,1.5,https://www.bazaraki.com/adv/4868391_mazda-demio-1-5l-2016/
Mazda,Demio,2007.0,172000.0,6700.0,0,0,1.3,https://www.bazaraki.com/adv/4867993_mazda-demio-1-3l-2007/
Mazda,Demio,2014.0,119703.0,8300.0,0,0,1.3,https://www.bazaraki.com/adv/4867590_mazda-demio-1-3l-2014/
Mazda,Demio,2019.0,55000.0,13200.0,0,0,1.5,https://www.bazaraki.com/adv/4867349_mazda-demio-1-5l-2019/
Mazda,Demio,2019.0,49000.0,12500.0,0,0,1.5,https://www.bazaraki.com/adv/4867060_mazda-demio-1-5l-2019/
